 pleasant personality,
 excellent care,
 great care,
 nice couple,
 so great,
 great work,
 very smart,
 really excellent,
 top floor,
 great care,
 so many,
 good surgeon,
 great diversity,
 own experiences,
 great job,
 accurate account,
 effective hospital,
 extraordinary care,
 pretty good,
 good mechanic,
 pretty good,
 own vomit,
 very strong,
 also beautiful,
 Amazing people,
 great care,
 great nurses,
 excellent experience,
 wonderful care,
 as nice,
 very clean,
 as good,
 very positive,
 more comfortable,
 very good,
 excellent nursing,
 top flight,
 Top notch,
 fairly easy,
 absolutely phenomenal,
 incredibly helpful,
 completely comfortable,
 good hands,
 incredibly horrendous,
 so many,
 only good,
 friendly communications,
 good quality,
 very cheap,
 pretty good,
 very nice,
 good food,
 full sugar,
 free cookies,
 many meals,
 excellent assortment,
 healthy gluten,
 free items,
 free pizzas,
 free snacks,
 free issue,
 free breads,
 sure items,
 free drinks,
 top facilities,
 top doctors,
 free holiday,
 more flavorful,
 original assessment,
 also wonderful,
 very good,
 free skin,
 nice day,
 super clean,
 bright spot,
 extremely friendly,
 great care,
 fresh salads,
 so many,
 certain time,
 important aspect,
 so many,
 great touch,
 awesome snack,
 good girl,
 more consciencious,
 n't bad,
 top notch,
 very impressive,
 very large,
 beautiful hospital,
 good health,
 more beautiful,
 good experience,
 many times,
 wonderful service,
 superior care,
 great job,
 nice change,
 free meal,
 certain points,
 so lucky,
 amazing facility,
 really nice,
 fantastic wait,
 pretty friendly,
