 pretty great,
 primary care,
 mildly alarmed,
 mild cough,
 quick test,
 Advanced apologies,
 acute sinusitis,
 own fault,
 huge gamble,
 too many,
 primary health,
 very nice,
 good experience,
 more concerned,
 great ideA,
 very happy,
 excellent job,
 warm personality,
 hot stones,
 great job,
 very strong,
 lovely job,
 very nice,
 excellent place,
 many services,
 great job,
 right leg,
 extremely clean,
 nice products,
 many massages,
 many places,
 perfect amount,
 hot stones,
 fair share,
 gentle voice,
 amazingly strong,
 fair share,
 gentle voice,
 amazingly strong,
 amazing work,
 full chill,
 huge plus,
 so impressed,
 so happy,
 So great,
 happy patient,
 amazing job,
 great job,
