 special trips,
 pretty awesome,
 own research,
 very good,
 easily- come-,
 very happy,
 genuine concern,
 more concerned,
 more concerned,
 genuine concern,
 more concerned,
 more concerned,
 not drunk,
 free ride,
 more comfortable,
 just lucky,
 great customer,
 generally positive,
 very impressed,
 healthy sense,
 strong ability,
 more forthcoming,
 so friendly,
 good works,
 great hospital,
 strong affiliations,
 great place,
 wonderful doctors,
 pretty much,
 incredibly compassionate,
 good attorney,
 superior care,
 Very friendly,
 very attentive,
 sure everything,
 very friendly,
 more distracted,
 somewhat surprising,
 amazing nurses,
 sincere nurses,
 good care,
 extremely nice,
 so nice,
 great place,
 that courteous,
 awesome doctor,
 brilliant surgeon,
 cool guy,
 wonderful experience,
 great place,
 Very friendly,
 great job,
 top tier,
 VERY GOOD,
 very good,
 really lucky,
 right direction,
 Not bad,
 overwhelming issues,
 pretty good,
 nice caf√©,
 as good,
 nice hospital,
 good doctors,
 sincere nurses,
 good care,
 great experience,
 reasonable price,
 top health,
 right thing,
 own insurance,
 great idea,
 totally fair,
 pretty much,
 very easy,
 own safety,
 always welcome,
 more effective,
 quite confident,
 many life,
 good things,
 good person,
 own way,
 too many,
 happy wag,
 excellent professionals,
 perfect nation,
 supportive team,
 very nice,
 important part,
 great personality,
 many sessions,
 wonderful method,
 very comfortable,
 extremely friendly,
 free consultation,
 as comfortable,
 good hands,
 primary physicians,
 warm people,
 great office,
 really awesome,
 so many,
 pretty efficient,
 healthy ways,
 many times,
 more likely,
 right way,
 totally fine,
 many moles,
 absolutely fabulous,
 liquid magic,
 full body,
 good view,
 huge emphasis,
 sure cortisone,
 huge dent,
 really happy,
 wonderful experience,
 many hours,
 beautiful office,
 'right hand,
 so skilled,
 great questions,
 really great,
 quick meal,
 healthy nut,
 healthy meal,
 reasonable cost,
 Very quick,
 really good,
 good one,
 sure fire,
 Really clean,
 cool bar,
 delicious shake,
 extremely warm,
 good experience,
 loved ones,
 very friendly,
 very nice,
 super interesting,
 Amazing therapist,
 significant goals,
 enough good,
 pain free,
 pain free,
 great place,
 great experience,
 perfect care,
 good experience,
 lively strong,
 Good thing,
 great room,
 awesome machines,
 loved ones,
 pretty good,
 very friendly,
 great lengths,
 many others,
 truly amazing,
 true kindness,
 Great staff,
 very effective,
 great job,
 so nice,
 just great,
 beautiful office,
 very pleased,
 great care,
 super clean,
 great customer,
 amazing place,
 incredible Doctor,
 great doctors,
 many times,
 many times,
 original doctor,
 very good,
 solid honest,
 significant pain,
 wonderful health,
 even able,
 good god,
 own peril,
 good explanations,
 good sense,
 top doctor,
 top doc,
 great doctor,
 happy camper,
 really friendly,
 great selection,
 good allergy,
 excellent experience,
 nice conversations,
 pretty good,
 always able,
 intensely allergic,
 good ol,
 good reason,
 always right,
 too many,
 great bedside,
 incredible amount,
 good reputation,
 good reputation,
 loved ones,
 refreshingly smooth,
 always warm,
 great hands,
 very rare,
 rare disease,
 good luck,
 amazingly nice,
 good sense,
 very nice,
 very healthy,
 clean facility,
 good people,
 free number,
 quick right,
 experienced techie,
 always clean,
 So easy,
 pretty friendly,
 as easy,
 good hands,
 good neighbor,
 wonderful beside,
 n't crazy,
 pretty businesslike,
 very many,
 screen/physical right,
 great interest,
 so nice,
 great experience,
 own physician,
 pretty good,
 favorite patients,
 good word,
 pretty sure,
 competent office,
 really positive,
 certain times,
 very friendly,
 outstanding service,
 very friendly,
 many years,
 so glad,
 awesome massage,
 very friendly,
 okay adjustment,
 really nice,
 pretty picky,
 great massage,
 really good,
 good massage,
 good value,
 many chiropractors,
 lovely hood,
 free body,
 very happy,
 really happy,
 positive progress,
 great fortune,
 more convenient,
 good night,
 very friendly,
 remotely friendly,
 very friendly,
 good care,
 Great experience,
 primary care,
 quick search,
 very pleasant,
 very nice,
 many years,
 amazing care,
 pleasant experience,
 exceptionally friendly,
 as clean,
 popular hours,
 quick service,
 quick service,
 very nice,
 huge lack,
 very nice,
 huge lack,
 nice lady,
 also friendly,
 reasonable amount,
 nice lady,
 also friendly,
 reasonable amount,
 Good company,
 good urgent,
 Good docs,
 Good company,
 good urgent,
 Good docs,
 great doctor,
 great doctor,
 own practice,
 nice staff,
 great experience,
 own practice,
 nice staff,
 great experience,
 more interested,
 own representative,
 more interested,
 own representative,
 Not bad,
 own home,
 happy customer,
 Not bad,
 own home,
 happy customer,
 full length,
 good luck,
 full length,
 good luck,
 up.Always good,
 up.Always good,
 exceptional service,
 exceptional service,
 reasonable time,
 reasonable time,
 totally happy,
 totally happy,
 many people,
 own conclusions,
 great service,
 great shape,
 Amazing staff,
 very friendly,
 positive experience,
 right person,
 absolutely unacceptable,
 very good,
 Good news,
 really good,
 huge weekend,
 more fatter,
 own mothers,
 So impressed,
 Excellent communications,
 right place,
 really nice,
 also nice,
 very important,
 just friendly,
 incredibly rude/unprofessional,
 nice facility,
 easy way,
 many prescriptions,
 not sick,
 very reasonable,
 primary care,
 Very clean,
 very nice,
 so friendly,
 great experience,
 too interested,
 spectacular service,
 excellent communication,
 primary care,
 excellent service,
 Great place,
 so nice,
 very friendly,
 good night,
 too many,
 primary care,
 more comfortable,
 fast service,
 very pleasant,
 very friendly,
 extremely friendly,
 huge benefit,
 really clean,
 HUGE plus,
 good experiences,
 extremely nice,
 many years,
 too great,
 primary care,
 very nice,
 enough good,
 fantastic artwork,
 full today,
 good health,
 great place,
 full movement,
 great customer,
 enough great,
 very supportive,
 full form,
 unique strength,
 huge believer,
 positive thinking,
 very supportive,
 Many places,
 so impressed,
 really strong,
 free training,
 successful recovery,
 right thing,
 awesome place,
 very sweet,
 very nice,
 very reasonable,
 cool stuff,
 perfect spa,
 good brow,
 great facials,
 great care,
 more impressed,
 perfect skin,
 so good,
 many pedicures,
 own feet,
 very satisfied,
 great massages,
 really friendly,
 very reasonable,
 always great,
 very good,
 amazing find,
 huge fan,
 VERY HIGHLY,
 outstanding work,
 very clean,
 full session,
 always nice,
 friendly hello,
 many day,
 certain person,
 good massage,
 so important,
 very clean,
 cute jewelry/clothes,
 great specials,
 friendly service,
 very enjoyable,
 n't bad,
 really friendly,
 light therapy,
 light treatment,
 light room,
 light room,
 loyal ones,
 very clean,
 nice place,
 great time,
 easy booking,
 very special,
 very friendly,
 scheduled apt,
 as important,
 apt time,
 great messages,
 very reasonable,
 So glad,
 great deal,
 wonderful experience,
 so comfortable,
 great customer,
 great place,
 great price,
 Awesome experience,
 so super,
 so comfortable,
 nice change,
 so comfortable,
 so good,
 very nice,
 so happy,
 great job,
 more waiting,
 more waiting,
 absolute agony,
 more interested,
 original size,
 absolute agony,
 more interested,
 original size,
 very nice,
 very nice,
 fairly thourough,
 impressive seeing,
 fairly thourough,
 impressive seeing,
 good experience,
 really friendly,
 genuine concern,
 n't bad,
 really nice,
 very clean,
 good experience,
 really friendly,
 genuine concern,
 n't bad,
 really nice,
 very clean,
 still warm,
 still warm,
 extremely pleasant,
 extremely nice,
 good care,
 extremely pleasant,
 extremely nice,
 good care,
 good name,
 good name,
 very nice,
 very nice,
 very clean,
 very clean,
 really good,
 very nice,
 fantastic experience,
 very nice,
 superb professional,
 genuine level,
 so good,
 really good,
 very nice,
 fantastic experience,
 very nice,
 superb professional,
 genuine level,
 so good,
 very quick,
 very pleased,
 very quick,
 very pleased,
 Not sick,
 primary care,
 many friends,
 relevant questions,
 primary care,
 good cough,
 more diligent,
 Not sick,
 primary care,
 many friends,
 relevant questions,
 primary care,
 good cough,
 more diligent,
 good job,
 friendly help,
 good job,
 friendly help,
 very clean,
 very good,
 very good,
 very clean,
 very good,
 very good,
 pretty clean,
 clean office,
 top notch,
 pretty clean,
 clean office,
 top notch,
 very warm,
 very warm,
 great job,
 great job,
 great service,
 great service,
 great detail,
 good care,
 great detail,
 good care,
 Very pleased,
 Very pleased,
 great experience,
 very nice,
 positive story,
 great experience,
 very nice,
 positive story,
 good experience,
 very sweet,
 really great,
 so nice,
 good experience,
 very sweet,
 really great,
 so nice,
 courteous check,
 excellent care,
 courteous check,
 excellent care,
 good referral,
 relatively easy,
 good referral,
 relatively easy,
 own doctor,
 great work,
 own doctor,
 great work,
 really nice,
 very sweet,
 great service,
 really nice,
 very sweet,
 great service,
 Very nice,
 Very nice,
 quick wait,
 GREAT experience,
 quick wait,
 GREAT experience,
 Excellent service,
 Excellent service,
 n't terrible,
 n't terrible,
 very nice,
 very nice,
 Good experiences,
 Good experiences,
 nice guy,
 nice guy,
 Attentive listener,
 Attentive listener,
 very friendly,
 very friendly,
 very clean,
 exceptional service,
 many options,
 great place,
 very nice,
 top notch,
 many years,
 wonderful jewel,
 loyal client,
 very happy,
 extremely reasonable,
 skilled physician,
 extremely happy,
 very comfortable,
 absolutely outstanding,
 especially adept,
 outstanding trait,
 exceptional counselor,
 great therapist,
 good ones,
 consummate professional,
 many things,
 many providers,
 true service,
 willing client,
 healthy relationships,
 top referral,
 great reviews,
 good listener,
 thoughtful feedback,
 amazing counselor,
 incredible insight,
 unique way,
 happy life,
 bright light,
 primary care,
 great integrity,
 impeccable ethics,
 always happy,
 genuine person,
 quick turn,
 wonderful demeanor,
 unendingly sweet,
 very respectable,
 Very glad,
 very comfortable,
 top notch,
 very impressed,
 right questions,
 very comfortable,
 wonderful bonus,
 Great place,
 primary care,
 very happy,
 great job,
 very comfortable,
 Unfortunately many,
 huge difference,
 very happy,
 comfortable seating,
 nice bonus,
 important asset,
 very courteous,
 very nice,
 great deal,
 very gentle,
 very comfortable,
 great reviews,
 super misleading,
 great job,
 too many,
 right mind,
 reputable physicians,
 own practice,
 excellent bedside,
 full panel,
 great job,
 very nice,
 so great,
 pretty impressive,
 pretty friend,
 very sweet,
 quick weight,
 good care,
 primary care,
 great deal,
 right decision,
 positive review,
 meaningful relationship,
 primary care,
 very quick,
 more concerned,
 more empathetic,
 so nice,
 great team,
 also easy,
 fine print,
 pretty sketchy,
 detailed info,
 more adamant,
 full well,
 mild inflammation,
 extremely strong,
 nice form,
 healthy living,
 surprisingly fast,
 very friendly,
 fantastic job,
 super nice,
 sincere concern,
 really sweet,
 very clean,
 many reviews,
 sure whats,
 good possibility,
 very glad,
 Very nice,
 Good luck,
 top priority,
 very friendly,
 so good,
 original review,
 ideal range,
 own ignorance,
 pretty nice,
 favorite lady,
 always nice,
 nice office,
 absolutely fine,
 Very cheerful,
 excellent physicians,
 very good,
 great bedside,
 very friendly,
 quite friendly,
 primary care,
 very pleasant,
 friendly personality,
 so comfortable,
 primary concern,
 very friendly,
 right thing,
 primary care,
 just right,
 Great place,
 primary doc,
 healthy skin,
 GOOD LOOK,
 extremely pleasant,
 reasonable person,
 only available,
 only available,
 only available,
 Good news,
 as enjoyable,
 very pleasant,
 very high,
 top brands,
 so happy,
 very friendly,
 good place,
 good selection,
 advanced gyms,
 great selection,
 free weights,
 great choice,
 light yoga,
 friendly advice,
 so many,
 perfect place,
 very happy,
 really great,
 quick rapports,
 GREAT workout,
 great trainers,
 fair guys,
 really friendly,
 pretty good,
 completely sure,
 great shape,
 very respectful,
 clean facility,
 safe place,
 incredibly snotty,
 good look,
 free towels,
 really good,
 great Tons,
 free family,
 very clean,
 comfortable gym,
 Great place,
 very nice,
 Awesome staff,
 great variety,
 Great experience,
 favorite mountainside,
 Very clean,
 very reasonable,
 too hot,
 free passes,
 free passes,
 free training,
 good care,
 special treatment,
 amazing trainer,
 quite awesome,
 clean facilities,
 darn awesome,
 really nice,
 very nice,
 clean place,
 extremely friendly,
 Great place,
 very nice,
 very good,
 exceptional job,
 Very friendly,
 seriously hilarious,
 very clean,
 friendly vibe,
 great work,
 amazing experience,
 comfortable environment,
 very comfortable,
 very nice,
 friendly movies,
 primary care,
 fresh coat,
 very nice,
 so happy,
 extremely nice,
 sincerely good,
 amazing doctor,
 warm side,
 very nice,
 as good,
 extremely nice,
 very impressed,
 very friendly,
 very attentive,
 genuinely concerned,
 genuinely concerned,
 very attentive,
 great job,
 Good service,
 clean clinic,
 good condition,
 quick references,
 pretty impressed,
 pretty reluctant,
 Excellent mannerism,
 right choice,
 so friendly,
 warm heart,
 more comfortable,
 Good job,
 happy smile,
 amazingly great,
 primary care,
 extremely friendly,
 very comfortable,
 amazing care,
 so friendly,
 primary care,
 friendly movie,
 own appointment,
 unique element,
 knowledgeable primary,
 really nice,
 just fine,
 primary care,
 free visit,
 good karma,
 so good,
 nice cozy,
 many patients,
 amazing effort,
 primary care,
 very friendly,
 primary care,
 primary care,
 great physician,
 great feedback,
 certain level,
 important questions,
 so glad,
 very friendly,
 primary care,
 very familiar,
 always willing,
 good hands,
 primary care,
 excellent experiences,
 especially good,
 right thing,
 incredible staff,
 delicious pizza,
 advanced illness,
 many cases,
 good thing,
 advanced illness,
 many cases,
 good thing,
 n't bad,
 n't bad,
 so nice,
 super bonus,
 so nice,
 super bonus,
 Great place,
 courteous staff,
 Great place,
 courteous staff,
 primary physician,
 fair share,
 experienced physician,
 primary physician,
 fair share,
 experienced physician,
 huge gash,
 huge gash,
 friendly self,
 friendly self,
 Good experience,
 Good experience,
 n't bad,
 huge plus,
 many people,
 n't bad,
 huge plus,
 many people,
 great care,
 very reasonable,
 good review,
 great service,
 great care,
 very reasonable,
 good review,
 great service,
 so special,
 talented abilities,
 great child,
 very impressed,
 so special,
 talented abilities,
 great child,
 very impressed,
 great sense,
 more tolerable,
 great sense,
 more tolerable,
 incredibly physician,
 positive experiences,
 Very friendly,
 very friendly,
 enough good,
 always friendly,
 more comfortable,
 Very wonderful,
 Nice people,
 very good,
 great detail,
 many questions,
 very happy,
 absolutely wonderful,
 great detail,
 great place,
 not bad,
 great magazines,
 significant pain,
 full range,
 very effective,
 strong team,
 significant improvement,
 effective treatment,
 acute pain,
 favorite gynecologist,
 beautiful reception,
 natural light,
 really great,
 very nice,
 beautiful mirrors,
 warm calming,
 pretty fast,
 right place,
 significant time,
 incredible work,
 better surgical,
 very pleased,
 so happy,
 very happy,
 more important,
 n't uncomfortable,
 many awards,
 extremely impressed,
 pleasant experience,
 extremely pleasant,
 so many,
 comfortable experience,
 so nice,
 Notable moments,
 more unsure,
 good idea,
 primary reason,
 sincere request,
 huge risk,
 own schedule,
 so nice,
 so comfortable,
 great caring,
 many questions,
 right one,
 own doctor,
 amazing doctor,
 great place,
 good things,
 very easy,
 pretty large,
 comfortable waiting,
 very important,
 sweet note,
 very nice,
 very comfortable,
 very pleasant,
 special time,
 good note,
 very nice,
 ultimately responsible,
 more pleasant,
 very easy,
 pretty impress,
 always friendly,
 always clean,
 so gentle,
 RIGHT thing,
 positive side,
 many patients,
 pleasant experience,
 great bedside,
 wonderful bedside,
 very handy,
 very friendly,
 very good,
 so glad,
 good idea,
 Great people,
 Awesome staff,
 Awesome staff,
 clean facility,
 clean facility,
 Absolutely amazing,
 Absolutely amazing,
 great motivator,
 positive change,
 great motivator,
 positive change,
 magic bullet,
 even interested,
 magic bullet,
 even interested,
 many times,
 exceptionally good,
 outstanding hypnotist,
 great teacher,
 very good,
 unusual language,
 as effective,
 powerful changes,
 incredibly easy,
 very easy,
 effective hypnotherapist,
 many times,
 exceptionally good,
 outstanding hypnotist,
 great teacher,
 very good,
 unusual language,
 as effective,
 powerful changes,
 incredibly easy,
 very easy,
 effective hypnotherapist,
 amazing experience,
 special card,
 right place,
 very good,
 just ok,
 nice front/sitting,
 excellent care,
 as comfortable,
 so good,
 incredibly helpful,
 many people,
 many people,
 right idea,
 very refreshing,
 *Free* bootcamp,
 so friendly,
 free shakes,
 free classes,
 true business,
 Good luck,
 awesome place,
 still okay,
 so excited,
 wonderful community,
 so impressed,
 so excited,
 awesome environment,
 always willing,
 more healthy,
 great gym,
 full body,
 great incentives,
 good bedside,
 very gentle,
 so glad,
 so comfortable,
 really good,
 many treatment,
 more enlightened,
 good money,
 many treatment,
 more enlightened,
 good money,
 free formula,
 so glad,
 free formula,
 so glad,
 highly unusual,
 highly unusual,
 Great place,
 Great place,
 recommended pure,
 recommended pure,
 good things,
 nice facility,
 good work,
 cool spot,
 happy moment,
 good condition,
 SO glad,
 own business,
 free week,
 worthwhile investment,
 huge part,
 many athletes,
 great book,
 fantastic reviews,
 good ol,
 especially important,
 many calories,
 yeah right,
 wonderful nutrition,
 more hiding,
 great path,
 daaaammmnnnnnnn good,
 huge piece,
 rare quality,
 free trial,
 great friends,
 great combination,
 significant goals,
 enough good,
 many days,
 appropriate challenge,
 good mix,
 great demonstrations,
 nice community,
 great testament,
 very friendly,
 experienced donor,
 comfortable sleeping,
 good luck,
 more generous,
 great experience,
 great advice,
 certain sense,
 experienced donor,
 experienced donor,
 experienced individual,
 more pleased,
 incredibly nice,
 incredible thoughtful,
 loving husband,
 rewarding experience,
 thoroughly pleased,
 great experience,
 very light,
 special person,
 beautiful gift,
 wonderful blessing,
 good candidate,
 good option,
 very light,
 very comfortable,
 good choice,
 great experience,
 more comfortable,
 great staff,
 pleasant surroundings,
 primary care,
 very friendly,
 super nice,
 friendly nurse,
 awesome cut,
 good reviews,
 quick service,
 very clean,
 very friendly,
 right lung,
 great experience,
 primary care,
 very friendly,
 nice bonus,
 nice voice,
 many people,
 primary care,
 Great staff,
 sure prescription,
 great visits,
 right eye,
 sure case,
 more concerned,
 So happy,
 many times,
 very clean,
 extremely friendly,
 Friendly front,
 nice manager,
 pretty picky,
 Great staff,
 clean office,
 quick service,
 outstanding customer,
 very lucky,
 great experience,
 great experience,
 very good,
 always great,
 incredible staff,
 great team,
 nice TV,
 great skill,
 Excellent service,
 very impressed,
 only good,
 very attentive,
 Great staff,
 great personalities,
 also able,
 Very great,
 very nice,
 good money,
 great attitude,
 great system,
 right medicine,
 top notch,
 full attention,
 very pleased,
 really happy,
 pleasant experience,
 pretty much,
 pretty much,
 many times,
 excellent care,
 good care,
 enough great,
 great employees,
 great care,
 pretty stingy,
 super warm,
 very comfortable,
 as cheap,
 great touch,
 totally reasonable,
 so glad,
 full body,
 really glad,
 exceptional aesthetician,
 wonderful person,
 so full,
 good skin,
 great service,
 so excited,
 good work,
 wonderful experience,
 great trainer,
 right choice,
 great experience,
 more affordable,
 grand opening,
 genuine camaraderie,
 completely unique,
 important thing,
 amazing woman,
 extremely impressive,
 fantastic workouts,
 as popular,
 amazing environment,
 top priority,
 very easy,
 amazing journey,
 wonderful people,
 great facility,
 positive changes,
 amazing transition,
 so many,
 great things,
 great training,
 great results,
 great friends,
 great body,
 positive motivator,
 interesting results,
 own limitations,
 good trainer,
 great place,
 special seth,
 defenatly amazing,
 perfect gym,
 many gyms,
 VERY positive,
 feels positive,
 full body,
 good experience,
 enough good,
 so many,
 So friendly,
 amazing person,
 amazing heart,
 completely impressed,
 Extremely friendly,
 top notch,
 great attitude,
 attentive emails,
 own devices,
 good friends,
 so glad,
 enough good,
 incredibly encouraging,
 own doctor,
 easy access,
 very clean,
 so quick,
 full story,
 very supportive,
 very satisfied,
 very nice,
 very good,
 right place,
 so good,
 really nice,
 nice guy,
 good asset,
 so happy,
 reasonable prices,
 really nice,
 enough good,
 huge help,
 great people,
 great deals,
 great experience,
 really nice,
 very clean,
 friendly staff,
 very friendly,
 very reasonable,
 more chaotic,
 only safe,
 many supplements,
 great place,
 amazing prices,
 more concerned,
 many times,
 very happy,
 good nutrition,
 good kind,
 intro special,
 pretty quick,
 detailed review/discussion,
 nice things,
 great people,
 mostly polite,
 positive heath,
 quick weigh,
 pretty impressed,
 primary care,
 primary care,
 magic cure-all,
 good place,
 full refund,
 not afraid,
 really great,
 so many,
 favorite things,
 positive way,
 amazing communication,
 VERY easy,
 many friends,
 Excellent experience,
 many times,
 great deal,
 enough good,
 important tools,
 more connected,
 very energetic,
 very open-minded,
 powerful communication,
 genuinely interested,
 very nice,
 own life,
 great therapist,
 amazing lady,
 very warm,
 good service,
 good customer,
 original balance,
 nice office,
 relatively good,
 Very friendly,
 very good,
 happy staff,
 Excellent tech,
 great customer,
 so friendly,
 really comfortable,
 certain time,
 so happy,
 great help,
 just delightful,
 superior midwifery,
 many extras,
 great classes,
 absolutely beautiful,
 beautiful environment,
 strong women,
 great wisdom,
 strong women,
 beautiful thing,
 so excited,
 beautiful office,
 undeniably beautiful,
 own bathtub,
 own offices,
 equally friendly,
 own home,
 huge bill,
 amazing staff,
 as wonderful,
 pregnant woman,
 amazing experience,
 extremely important,
 amazing experience,
 great thing,
 own bed,
 awesome thing,
 powerful experience,
 so happy,
 so lucky,
 many times,
 amazing reviews,
 nice place,
 amazing experience,
 Phenomenal support,
 wonderful lady,
 very supportive,
 wonderful people,
 wonderful hospital,
 so great,
 excellent information,
 amazing addition,
 wonderful place,
 so happy,
 so great,
 very good,
 beautiful pictures,
 great care,
 more bloodwork,
 amazing experience,
 so comfortable,
 amazing place,
 so warm,
 so supportive,
 great community,
 many classes,
 so glad,
 amazing community,
 wonderful experience,
 really wonderful,
 always warm,
 incredible women,
 very comfortable,
 strong bonds,
 so excited,
 welcome arms,
 great care,
 so great,
 sure mom,
 lovely place,
 even good,
 great hospital,
 wonderful experience,
 special place,
 beautiful environment,
 nice man,
 golden years,
 still able,
 Many years,
 more concerned,
 Not crazy,
 amazing peditrician,
 excellent care,
 very friendly,
 Top notch,
 many hours,
 absolutely amazing,
 remarkable therapists,
 not scary,
 fantastic alternative,
 primary care,
 reasonable amount,
 great experience,
 as good,
 nice breath,
 very clean,
 many stitches,
 so fast,
 too quick,
 more concerned,
 extremely happy,
 more dependable,
 own health,
 Top notch,
 genuine interest,
 loved ones,
 very good,
 nice office,
 good experience,
 true compassion,
 very warm,
 great place,
 extremely happy,
 very reasonable,
 great job,
 enough good,
 so many,
 own practice,
 true interest,
 beautiful skin,
 own time,
 excellent reviews,
 very nice,
 quick look,
 unusual freckles,
 quick sample,
 full year,
 happy customer,
 very comfortable,
 pleasant way,
 funny feeling,
 Very friendly,
 right thing,
 also great,
 many patients,
 reputable dermatologist,
 so great,
 great staff,
 innovative methods,
 reasonable way,
 good doctors,
 very special,
 good care,
 exceptional care,
 true possibility,
 really good,
 impeccable care,
 enough good,
 great food,
 wonderful gesture,
 talented staff,
 excellent attention,
 amazing staff,
 fabulous job,
 so pleasant,
 great place,
 more inexpensive,
 own home,
 good way,
 always nice,
 always clean,
 very clean,
 Very clean,
 great customer,
 very pleasant,
 sure i,
 right aweful,
 very nice,
 primary care,
 many times,
 nice feature,
 own music,
 nice touch,
 very friendly,
 pleasant thing,
 gorgeous pair,
 very popular,
 Very happy,
 great customer,
 courteous staff,
 very pleasant,
 very impressive,
 many physician,
 pretty good,
 special plan,
 good health,
 very many,
 great place,
 so glad,
 so good,
 primary doctor,
 very pleased,
 pleasant experience,
 good atmosphere,
 even willing,
 quite refreshing,
 great quality,
 great decisions,
 excellent health,
 positive experiences,
 great doctor,
 great experience,
 good way,
 primary care,
 fantastic experiences,
 very nice,
 hot beverages,
 good bedside,
 huge plus,
 really nice,
 own doctor,
 nice things,
 phenomenal care,
 primary care,
 free script,
 fairly accurate,
 very clean,
 great things,
 super sweet,
 great experience,
 very clean,
 free prescription,
 clean quick,
 great customer,
 very pleased,
 primary care,
 easy money,
 very nice,
 really great,
 amazing person,
 more confident,
 healthy food,
 so many,
 as good,
 wonderful experience,
 very nice,
 appropriate exercises,
 very nice,
 fairly quick,
 also great,
 always cheerful,
 very impressed,
 so incredibly,
 nice office,
 good thing,
 Good thing,
 great deal,
 like 'sure,
 pain free,
 more convincing,
 VERY excited,
 absolutely beautiful,
 good results,
 excellent care,
 phenomenal skin,
 more toned,
 exceptionally knowledgeable,
 courteous staff,
 true patient,
 true patient,
 very pleasant,
 good urgent,
 good work,
 wonderful country/farm,
 right questions,
 right course,
 primary care,
 wonderful manner,
 free meant,
 amazing Gastroenterologist,
 primary care,
 right program,
 clean eating,
 more positive,
 Good job,
 special discount,
 extremely happy,
 good person,
 good trainers,
 good thing,
 as good,
 still many,
 super encouraging,
 always willing,
 great workouts,
 enough great,
 good trainer,
 full results,
 Good Luck,
 great person,
 really good,
 amazing trainer,
 great feeling,
 very lucky,
 great guy,
 great personality,
 powerful drive,
 very good,
 very good,
 very good,
 great motivator,
 many years,
 good job,
 great trainer,
 great improvements,
 not scary,
 gifted medium,
 very effective,
 intensely strong,
 great conversation,
 tremendous progress,
 amazing energy,
 amazing value,
 really good,
 smart phone,
 amazing value,
 really good,
 smart phone,
 great care,
 great care,
 easy way,
 positive paths,
 amazing ways,
 amazing service,
 extremely nice,
 so happy,
 very happy,
 great job,
 very reasonable,
 good experience,
 n't bad,
 great reviews,
 really good,
 great experience,
 Mostly good,
 more convenient,
 fine arts,
 fine wines,
 quick search,
 Bold statement,
 Spotlessly clean,
 certain time,
 very courteous,
 very pleased,
 so willing,
 special place,
 right way,
 good night,
 Great place,
 Wonderful pa,
 particularly nice,
 more concerned,
 incredibly friendly,
 very quick,
 friendly staff,
 loved ones,
 very pleasant,
 nice gal,
 very nice,
 great care,
 Very good,
 super fast,
 so nice,
 Very warm,
 Impeccably clean,
 great experience,
 very nice,
 very important,
 full waiting,
 very friendly,
 very good,
 friendly place,
 So glad,
 pretty much,
 Friendly staff,
 quick service,
 here right,
 always friendly,
 very friendly,
 easy experience,
 incredibly quick,
 friendly staff,
 perfect example,
 Very clean,
 courteous staff,
 very clean,
 super fast,
 very friendly,
 appropriate treatment,
 good meds,
 free roll,
 free gram,
 funny name,
 very nice,
 certain sense,
 great meds,
 free pre-rolls,
 free eighth,
 free meds,
 Good prices,
 Excellent customer,
 Happy hour,
 great review,
 top notch,
 good reason,
 super cool,
 friendly greeter,
 free pre-rolls,
 free eighth,
 great meds,
 good workers,
 fantastic clinic,
 fantastic medication,
 free eighth,
 awesome job,
 very clean,
 great selection,
 free eighth,
 free stuff,
 excellent service,
 never disappointing,
 only able,
 great quality,
 very pleasant,
 great discounts,
 top notch,
 so friendly,
 always quick,
 friendly staff,
 great strains,
 certainly helpful,
 very nice,
 good thing,
 awesome thanks,
 friendly staff,
 Wonderful environment,
 great employees,
 good buds,
 awesome place,
 light rail,
 light rail,
 good deals,
 great people,
 very pleasant,
 great place,
 Friendly employees,
 great price,
 incredibly responsive,
 very pleased,
 very happy,
 very pleased,
 huge attitude,
 good reason,
 loved ones,
 very friendly,
 secure staff/location,
 Good ppl,
 great budtender,
 Excellent support,
 excellent experience,
 Very nice,
 Happy hour,
 free preroll,
 Excellent service,
 Good specials,
 fantastic meds,
 right medication,
 Great staff,
 great products,
 great selection,
 really nice,
 happy hour,
 good work,
 great place,
 great meds..,
 super cool,
 Happy hour,
 fantastic experience,
 more comfortable,
 full spectrum,
 friendly face,
 great anticipation,
 Very friendly,
 quick service,
 great location,
 around good,
 good selection,
 truly impressive,
 incredible scents,
 fresh blueberry,
 super dense,
 incredibly elegant,
 favorite dispensary,
 Good reward,
 great flowers,
 great edibles,
 many dispensaries,
 many questions,
 perfect products,
 fantastic experience,
 so nice,
 certain kind,
 great experience,
 friendly greeting,
 Nice staff,
 right products,
 quite pleasant,
 so clean,
 great meds,
 Excellent staff,
 very friendly,
 so sweet,
 friendly nurses,
 true customer,
 very pleased,
 original oncologist,
 happy place,
 free class,
 so amazing,
 incredible energy,
 really great,
 always free,
 excellent trainers/motivators,
 very clean,
 free class,
 Positive environment,
 so effective,
 so happy,
 simply amazing,
 good form,
 really nice,
 so nice,
 great sense,
 basically free,
 as excited,
 full year,
 fantastic staff,
 great variety,
 amazing results,
 pure focus,
 excellent refinement,
 great trainer,
 super personable,
 fantastic advice,
 reasonable price,
 very happy,
 good deal,
 Clean facilities,
 friendly environment,
 rare breed,
 outstanding experience,
 so refreshing,
 wonderful experience,
 so comfortable,
 great eye,
 hilarious stories,
 top notch,
 wonderful results,
 full consultation,
 full consultation,
 good idea,
 full units,
 more convenient,
 great experience,
 pretty nervous,
 very comfortable,
 more injected,
 right pharmacy,
 again friendly,
 very nice,
 very nice,
 very friendly,
 more concerned,
 own job,
 right prescription,
 very friendly,
 more concerned,
 own job,
 right prescription,
 very pleased,
 fairly severe,
 very pleased,
 fairly severe,
 super convenient,
 super convenient,
 Very quick,
 friendly staff,
 very nice,
 Very quick,
 friendly staff,
 very nice,
 Very thoughtful,
 very clean,
 Very thoughtful,
 very clean,
 very friendly,
 very friendly,
 so good,
 intelligent work,
 own fitness,
 great advice,
 own fitness,
 right way,
 too easy,
 true pros,
 exceptionally nice,
 outstanding results,
 great results,
 so warm,
 amazing face,
 free samples,
 great deal,
 great product,
 very calm,
 genuinely friendly,
 super nice,
 huge difference,
 More hydrated,
 really nice,
 full price,
 just glad,
 full price,
 great spa,
 very friendly,
 good services,
 great experience,
 right amount,
 great deals,
 very friendly,
 amazing people,
 fabulous ambience,
 huge skeptic,
 great humility,
 quick energy,
 true compassion,
 great results,
 wonderful hair,
 fabulous cut,
 Great improvement,
 great care,
 very clean,
 important thing,
 own lab,
 free way,
 primary care,
 phenomenal skills,
 inspirational attitude,
 awesome doctors,
 original pain,
 very experienced,
 own research,
 more challenging,
 quick response,
 very fair,
 so positive,
 so lucky,
 very reasonable,
 favorite chair,
 really good,
 strong sense,
 skilled surgeon,
 so many,
 wonderful people,
 great doctor,
 as easy,
 good bed,
 Good luck,
 very fortunate,
 very comfortable,
 outstanding customer,
 outstanding customer,
 sweet personality,
 great deals,
 sweet personality,
 great deals,
 great experience,
 amazing job,
 perfect shape,
 great work,
 more self,
 civilized person,
 important turn,
 important turn,
 Very nice,
 Very clean,
 Friendly staff,
 very nice,
 great experience,
 Excellent customer,
 sure recommend,
 very awesome,
 very good,
 clean facility,
 own doctor,
 attentive staff,
 very pleased,
 Very clean,
 friendly place,
 more affordable,
 very nice,
 friendly staff,
 Great staff,
 friendly service,
 good diagnosis,
 extremely competent,
 very nice,
 very friendly,
 super helpful,
 great option,
 great health,
 great place,
 primary doctor,
 primary doctor,
 good care,
 good reputation,
 good reputation,
 great place,
 friendly staff,
 super convenient,
 very friendly,
 very friendly,
 surprisingly affordable,
 huge difference,
 huge difference,
 right kind,
 great time,
 huge part,
 top place,
 true definition,
 positive work,
 right program,
 huge weight,
 good news,
 natural light,
 many symptoms,
 good news,
 natural light,
 many symptoms,
 fast service,
 sure glad,
 fast service,
 sure glad,
 extremely clean,
 very pleasant,
 extremely clean,
 very pleasant,
 very nice,
 clean office,
 friendly desk,
 very nice,
 clean office,
 friendly desk,
 Very quick,
 great experience,
 Very quick,
 great experience,
 very friendly,
 very friendly,
 clean facility,
 clean facility,
 healthy foods,
 really great,
 great flavors,
 perfect alternative,
 great goto,
 healthy food,
 favorite snacks,
 delicious food,
 great flavors,
 full syringe,
 so excited,
 awesome deal,
 full syringe,
 full time,
 favorite place,
 very nice,
 very nice,
 so nice,
 amazing job,
 great things,
 definitely wonderful,
 friendly office,
 absolute delight,
 very nice,
 good amount,
 right thing,
 very nice,
 good amount,
 right thing,
 very friendly,
 beautiful office,
 friendly staff,
 nice people,
 full refund,
 many wrinkles,
 very happy,
 more affordable,
 happy customer,
 too many,
 great places,
 fantastic results,
 top notch,
 Excellent service,
 incredibly helpful,
 extremely satisfied,
 wonderful staff,
 loved ones,
 so respectful,
 so many,
 loved ones,
 as good,
 supportive services,
 very competent,
 always clean,
 very lovely,
 very nice,
 huge bruise,
 very competent,
 many times,
 very good,
 great job,
 great care,
 as comfortable,
 own bed,
 very thoughtful,
 Great place,
 overly friendly,
 very friendly,
 always nice,
 very friendly,
 good luck,
 right option,
 huge sigh,
 very pleased,
 awesome job,
 great bedside,
 really comfortable,
 quick service,
 good doctor,
 So happy,
 delicious iso100,
 good work,
 great selection,
 friendly staff,
 nice variety,
 always super,
 good addition,
 awesome shakes,
 so happy,
 extremely friendly,
 awesome shakes,
 wonderful person,
 ENOUGH good,
 so attentive,
 incredibly clean,
 as great,
 Very impressed,
 primary care,
 primary care,
 fantastic things,
 so courteous,
 wonderful experience,
 instantly comfortable,
 so happy,
 quick appointment,
 extremely nice,
 amazing experience,
 pretty much,
 Good job,
 so sure,
 even willing,
 fast one,
 primary provider,
 so glad,
 insanely friendly,
 friendly office,
 absolutely wonderful,
 wonderful experience,
 so friendly,
 many years,
 good experiences,
 extremely friendly,
 extremely pleasant,
 good doctor,
 good experience,
 so good,
 quick call,
 very good,
 favorite part,
 pain free,
 always friendly,
 many services,
 so beautiful,
 simply amazing,
 very happy,
 so impressed,
 so nice,
 also nice,
 incredibly nice,
 free wifi,
 gladly drive,
 very easy,
 so great,
 positive experience,
 very friendly,
 so awesome,
 especially wonderful,
 excellent experience,
 very comfortable,
 pleasant experience,
 also wonderful,
 very comfortable,
 very happy,
 experienced team,
 actually pleasant,
 sure everything,
 appropriate time,
 full body,
 very pleased,
 very pleased,
 so glad,
 so easy,
 great suggestions,
 important health,
 absolutely brilliant,
 genuine physician,
 super calming,
 really comfortable,
 super painless,
 great experience,
 fine improvement,
 very sweet,
 so nice,
 super comfortable,
