 great care,
 complimentary valet,
 extremely friendly,
 quick drink,
 captive audience,
 really nice,
 huge windows,
 pretty much,
 good hands,
 own lunch,
 Good hospital,
 pretty much,
 gorgeous ones,
 more bearable,
 very nice,
 fresh air,
 nice salad,
 sweet potato,
 good care,
 as pleasant,
 skilled doctors,
 very good,
 top notch,
 so skilled,
 great review,
 wonderful facility,
 Great people,
 very impressed,
 so many,
 very clean,
 very nice,
 Very respectful,
 many items,
 Good gift,
 great hospital,
 reasonable thing,
 so important,
 very good,
 positive experience,
 very high,
 very attentive,
 great find,
 very friendly,
 Great place,
 so nice,
 good way,
 clean environment,
 great experience,
 so nice,
 very clean,
 own room,
 ok hospital,
 excellent care,
 so many,
 light rail,
 many hospitals,
 truly awesome,
 great place,
 so many,
 great hospital,
 amazing physicians,
 excellent patient,
 top notch,
 enough good,
 own urine,
 positive attitudes,
 very happy,
 great people,
 very good,
 Good people,
 clean hospital,
 n't bad,
 great facility,
 very nice,
 good care,
 Absolutely reprehensible,
 really nice,
 more comfortable,
 very comfortable,
 great hands,
 technologically advanced,
 comfortable pre-surgery,
 more personable,
 also superb,
 pretty happy,
 primary care,
 very nice,
 many doctors,
 special programs,
 primary care,
 pretty much,
 pretty large,
 so many,
 good care,
 so glad,
 n't bad,
 honest review,
 original functioning,
 great experience,
 intense nature,
 skilled doctors,
 tall goofy,
 very pleased,
 there many,
 many dozens,
 good ones,
 primary doctors,
 So glad,
 absolute joke,
 honest review,
 very clean,
 own health,
 genuine care,
 Good luck,
 good luck,
 precious stones,
 excellent service,
 good shape,
 pretty good,
 relatively clean,
 darn good,
 even healthy,
 many times,
 excellent care,
 Great job,
 top notch,
 huge percentage,
 so many,
 good customer,
 good impression,
 pretty good,
 pretty good,
 great doctors,
 great job,
 excellent emergency,
 very impressed,
 as comfortable,
 Special place,
 very attentive,
 warm blanket,
 great customer,
 extremely nice,
 so many,
 good experience,
 so attentive,
 awesome staff,
 wonderful care,
 right eye,
 good care,
 good care,
 great bedside,
 perfect health,
 exceptional care,
 more pleasant,
 not bad,
 good friend,
 extremely attentive,
 appropriate tests,
 accurate diagnosis,
 great deal,
 loved ones,
 own check,
 just great,
 so cheerful,
 good care,
 also interesting,
 very friendly,
 important details,
 great job,
 good bedside,
 super nice,
 Very attentive,
 own safety,
 so nice,
 great empathy,
 good care,
 super efficient,
 genuinely interested,
 quite clean,
 more supportive,
 great experience,
 warm blanket,
 super comfortable,
 absolutely wonderful,
 so comfortable,
 absolutely amazing,
 warm blanket,
 quick shower,
 own research,
 so wonderful,
 positive experience,
 very unusual,
 absolutely wonderful,
 good care,
 very wise,
 very nice,
 sure everybody,
 Not bad,
 very comfortable,
 many years,
 so nice,
 Pretty good,
 very clean,
 good experience,
 top notch,
 good bedside,
 very pleased,
 top tier,
 so sure,
 very sweet,
 great service,
 good job,
 very good,
 fast tracked,
 fast tracked,
 very impressed,
 nice drop,
 very nice,
 there easy,
 Very pleasant,
 genuinely pleasant,
 appropriate form,
 extraordinary measures,
 very comfortable,
 too many,
 Not bad,
 great information,
 nice- seem,
 overly friendly,
 cool doctor,
 fast wait,
 nice work,
 so glad,
 so calm,
 very respectful,
 more significant,
 own body,
 really warm,
 warm air,
 really great,
 easy experience,
 great service,
 So attentive,
 very comfortable,
 really good,
 great hospital,
 incredible night,
 smooth transition,
 equally excellent,
 Original post,
 so nice,
 receive excellent,
 own RISK,
 many years,
 very respectful,
 full time,
 good things,
 very quick,
 so wonderful,
 acute pain,
 Excellent doctors,
 so comfortable,
 quite sure,
 comfortable ride,
 nice day,
 just incredible-,
 very talented,
 also amazing-,
 very friendly,
 great job,
 own strength,
 very nice,
 really comfortable,
 more severe,
 own retardation,
 amazing care,
 so many,
 good chunck,
 unusual situations,
 bizarre things,
 healthy today,
 just happy,
 very impressed,
 so clean,
 so nice,
 familiar symptoms,
 many stories,
 very good,
 absolutlely right,
 very good,
 very good,
 only redeeming,
 good possibility,
 fresh icepack,
 very clean,
 nice hospitals,
 more tolerable,
 so many,
 extremely friendly,
 right medicines,
 too many,
 quick rooms,
 sexual orientation,
 very good,
 Amazing people,
 truly fabulous,
 so easy,
 SO friendly,
 own health,
 Fabulous job,
 good thing,
 great pain,
 remarkable care,
 really good,
 good life,
 very competent,
 wonderful hospital,
 top notch,
 great place,
 nice facilities,
 great experience,
 amazing staff,
 good eye,
 nice lady,
 wonderful care,
 wonderful caregivers,
 true angels,
 absolutely fantastic,
 very nice,
 wonderful treatment,
 Awesome staff,
 very impressed,
 acute pain,
 great pleb,
 wonderful surgeon,
 important thing,
 always great,
 very attentive,
 very impressed,
 Very friendly,
 top piece,
 so many,
 so nice,
 more traumatized,
 so important,
 good hands,
 excellent hospital,
 special thank-you,
 amazing physician,
 so many,
 truly remarkable,
 many staff,
 ok heart,
 quick visits,
 right side,
 own words,
 So glad,
 excellent care,
 primary care,
 perfectly true,
 exceptionally courteous,
 mild heartache,
 great nurses,
 primary care,
 more convenient,
 top notch,
 many complaints,
 primary care,
 own pocket,
 physically able,
 right knee,
 fast treatment,
 always nice,
 very good,
 very nice,
 super nice,
 really happy,
 absolutely sweet,
 super awesome,
 relatively clean,
 appropriate test,
 extraordinary care,
 as comfortable,
 n't bad,
 so nice,
 good care,
 friendly staffs,
 very nice,
 just adorable,
 Almost right,
 healthy eating,
 good thing,
 healthy eating,
 very friendly,
 as good,
 loved one,
 happy note,
 great room,
 right place,
 very comfortable,
 so pleased,
 remarkable residence,
 right spot,
 also good,
 finally able,
 many activities,
 loved one,
 loved ones,
 As beautiful,
 great interaction,
 right place,
 so many,
 wonderful parties,
 wonderful man,
 so amazing,
 important part,
 great facility,
 loved ones,
 great staff,
 sure everyone,
 great meal,
 very calm,
 wonderful people,
 extremely satisfied,
 many times,
 great place,
 so wonderful,
 good care,
 favorite movie,
 great experience,
 great quick,
 very pleased,
 good provider,
 more concerned,
 not painful,
 good doc,
 only healthy,
 only good,
 pretty demanding,
 usually able,
 definitely true,
 more prefer,
 not bad,
 good job,
 just fantastic,
 genuine emergency,
 primary care,
 beautiful delivery,
 beautiful baby,
 successful adults,
 absolute reason,
 amazing time,
 quick viewing,
 so many,
 good hospital,
 very high,
 pretty good,
 extraordinarily nice,
 warm blankets,
 great staff,
 really nice,
 right time,
 right day,
 so hot,
 huge bill,
 very nice,
 really good,
 good care,
 especially attentive,
 son calm,
 very awesome,
 nice i,
 special needs,
 very attentive,
 huge stink,
 finally able,
 many meds,
 VERY clean,
 very good,
 nice touch,
 fine establishment,
 important fast,
 comfortable transfer,
 really good,
 special diet,
 so comfortable,
 excellent service,
 very nice,
 very impressed,
 So good,
 great job,
 Good place,
 pretty good,
 pretty accommodating,
 not bad,
 great nurses,
 only good,
 strong processes,
 more hospitable,
 significant others,
 more comfortable,
 Impressive experience,
 truly wonderful,
 great addition,
 more bullshit,
 quick fix,
 barely able,
 as good,
 positive health,
 Excellent patient,
 excellent patient,
 extremely important,
 good place,
 so many,
 right thing,
 many things,
 own way,
 special vaccines,
 really quick,
 own demise,
 good nurses,
 great customer,
 excellent care,
 good experience,
 more pleasant,
 superior care,
 good hospital,
 very good,
 Great nurses,
 Good food,
 very good,
 really pleased,
 really nice,
 really impressed,
 good rest,
 also nice,
 primary care,
 excellent job,
 So many,
 fresh linens,
 very own,
 right idea,
 very friendly,
 very pleasant,
 top notch,
 great selection,
 cheap breakfast,
 loved ones,
 very colorful,
 very reasonable,
 incredible institution,
 make sure,
 good person,
 special thank,
 nice bump,
 nice cut,
 also top,
 top notch,
 top notch,
 really pretty,
 effective dose,
 great job,
 really fine,
 really beautiful,
 more secure,
 Great place,
 Great staff,
 wonderful place,
 absolutely correct,
 fantastic care,
 Top notch,
 important part,
 top notch,
 very nice,
 great service,
 primary insurance,
 primary insurance,
 special place,
 many people,
 full bill,
 many people,
 awesome staff,
 super clean,
 great hands,
 good place,
 precious time,
 very attentive,
 competent doctors,
 good things,
 so super,
 so thoughtful,
 quick process,
 Nice staff,
 amazing things,
 super clean,
 wonderful staff,
 great hands,
 talented physicians,
 fast food,
 excellent care,
 great operation,
 many kids,
 good care,
 good hands,
 precious time,
 very clean,
 positive environment,
 top notch,
 friendly environment,
 so friendly,
 very friendly,
 extremely friendly,
 very nice,
 extremely pleased,
 so full,
 fresh produce,
 healthy put,
 many comfort,
 extremely satisfied,
 so confident,
 extraordinary charges,
 extraordinary charges,
 good job,
 great place,
 good care,
 wonderful events,
 wonderful idea,
 worthy cause,
 very important,
 wonderful thing,
 grand prize,
 wonderful opportunity,
 good sam,
 very good,
 so good,
 good sam,
 positive reviews,
 extremely impressed,
 many days,
 full speed,
 good time,
 as comfortable,
 still nice,
 sure i,
 So many,
 rare diseases/conditions,
 So many,
 many volunteers,
 as comfortable,
 top notch,
 so glad,
 apt time,
 very funny,
 favorite part,
 good time,
 own child,
 so amazing,
 excellent care,
 precious girls,
 just fine,
 great care,
 really good,
 pretty hospital,
 great staff,
 great peds,
 so good,
 beautiful building,
 wonderful staff,
 healthy baby,
 very happy,
 Courteous staff,
 attentive doctors,
 wonderful staff,
 great detail,
 top notch,
 great facility,
 great doctors,
 great atmosphere,
 top-notch hospital,
 Many families,
 acute care,
 incredible diagnosis,
 good one,
 very calm,
 fast service,
 Very friendly,
 Great staff,
 Fantastic people,
 truly genuine,
 Great job,
 great work,
 incredible variety,
 friendly atmosphere,
 great experience,
 nice things,
 own body,
 tremendous amount,
 so many,
 comfortable stay,
 beautiful hospital,
 clean everything,
 very happy,
 great care,
 really great,
 as good,
 many times,
 finally able,
 successful operation,
 adorable baby,
 certain amount,
 full amount,
 huge chunk,
 very happy,
 more carrying,
 as good,
 very quick,
 really nice,
 huge discount,
 very impressed,
 great children,
 great care,
 So good,
 sexy man,
 sweet potato,
 sweet potato,
 incredible job,
 so many,
 own records,
 really nice,
 huge hospital,
 full name,
 Good luck,
 full detail,
 free lunch,
 good place,
 not bad,
 always nice,
 full day,
 free cable,
 so friendly,
 full amount,
 very happy,
 great respect,
 outstanding customer,
 great care,
 Fantastic experience,
 more caring,
 fantastic koodos,
 awesome thankyou,
 original time,
 huge wound,
 very clean,
 top notch,
 friendly Doctors,
 so nice,
 really impressed,
 Excellent experience,
 excellent staff,
 truly outstanding,
 Great staff,
 friendly staff,
 only good,
 so pleased,
 top notch,
 Great staff,
 good doctor,
 so impressed,
 incredibly open-minded,
 very rare,
 consistently excellent,
 top notch,
 also incredible,
 huge exception,
 awesome person,
 very friendly,
 really happy,
 good friend,
 excellent dr,
 spectacular doctors,
 very intelligent,
 as wonderful,
 so comfortable,
 very important,
 as good,
 very nice,
 as gentle,
 very nice,
 remarkable job,
 generally good,
 so incredibly,
 very pleasant,
 okay insurance,
 huge bill,
 huge plus,
 very pleased,
 sweet lady,
 many people,
 amazingly friendly,
 great staff,
 more comfortable,
 quite sure,
 primary care,
 very cute,
 excellent nurse,
 huge heart,
 very lucky,
 excellent facility,
 awesome blanket,
 really cool,
 great experience,
 friendly way,
 detailed history,
 great bedside,
 great care,
 very friendly,
 very friendly,
 very friendly,
 very friendly,
 so glad,
 clean hospital,
 very friendly,
 nice TV,
